#Uploaded_variation	Feature	PolyPhen_humdiv_pred	PolyPhen_humdiv_score
chr10_122597050_T/G	ENST00000666315	benign	0.0
chr10_114272760_A/G	ENST00000392982	benign	0.0
chr14_19434064_T/C	ENST00000547722	benign	0.0
chr14_19434064_T/C	ENST00000547848	benign	0.0
chr14_20301877_T/C	ENST00000383029	benign	0.0
chr14_20301877_T/C	ENST00000258821	benign	0.0
chr14_19434064_T/C	ENST00000622767	benign	0.0
chr17_3420961_C/T	ENST00000574571	benign	0.0
chr17_3420961_C/T	ENST00000641141	benign	0.0
chr12_11092198_C/A	ENST00000531678	benign	0.0
chr10_114272760_A/G	ENST00000392982	benign	0.0
chr7_45083586_G/A	ENST00000490531	benign	0.0
chr7_45084258_A/G	ENST00000490531	benign	0.0
chr6_32664926_G/A	ENST00000374943	benign	0.0
chr6_32664911_T/G	ENST00000434651	benign	0.0
chr6_32664911_T/G	ENST00000399084	benign	0.0
chr10_122597050_T/G	ENST00000664974	benign	0.0
chr6_32664911_T/G	ENST00000374943	benign	0.0
chr10_122597050_T/G	ENST00000653442	benign	0.0
chr6_32664911_T/G	ENST00000399079	benign	0.0
chr10_122597050_T/G	ENST00000368955	benign	0.0
chr3_14158387_G/A	ENST00000850575	benign	0.0
chr10_122597050_T/G	ENST00000330163	benign	0.0
chr10_122597050_T/G	ENST00000344338	benign	0.0
chr8_12186819_T/C	ENST00000431227	benign	0.0
chr3_14158387_G/A	ENST00000285021	benign	0.0
chr10_122597050_T/G	ENST00000664692	benign	0.003
chr1_248638310_C/T	ENST00000641268	benign	0.006
chr11_90041084_G/A	ENST00000448984	benign	0.006
chr10_122597050_T/G	ENST00000338354	benign	0.007
chr2_232380220_G/C	ENST00000392027	benign	0.009
chr7_101041312_G/A	ENST00000379439	benign	0.01
chr7_101041312_G/A	ENST00000306151	benign	0.01
chr6_32664926_G/A	ENST00000399084	benign	0.012
chr6_32664926_G/A	ENST00000434651	benign	0.012
chr6_32664926_G/A	ENST00000399079	benign	0.013
chr10_122597050_T/G	ENST00000652446	benign	0.015
chr10_122597050_T/G	ENST00000368909	benign	0.015
chr6_32664911_T/G	ENST00000484729	benign	0.015
chr10_122597050_T/G	ENST00000619379	benign	0.015
chr19_54775357_G/A	ENST00000291633	benign	0.12
chr2_185800236_C/A	ENST00000424728	benign	0.16
chr3_195782494_C/T	ENST00000463781	benign	0.332
chr3_195782494_C/T	ENST00000478156	benign	0.332
chr3_195782494_C/T	ENST00000477756	benign	0.332
chr3_195782494_C/T	ENST00000475231	benign	0.332
chr6_32664926_G/A	ENST00000484729	benign	0.346
chr2_97511190_T/G	ENST00000438709	benign	0.37
chr3_195782494_C/T	ENST00000470451	possibly_damaging	0.462
chr3_195782494_C/T	ENST00000479406	possibly_damaging	0.462
chr3_195782494_C/T	ENST00000462323	possibly_damaging	0.462
chr3_195782494_C/T	ENST00000466475	possibly_damaging	0.462
chr19_54775357_G/A	ENST00000336077	possibly_damaging	0.513
chr3_195784819_G/C	ENST00000475231	possibly_damaging	0.528
chr3_195784819_G/C	ENST00000463781	possibly_damaging	0.528
chr3_195784819_G/C	ENST00000480843	possibly_damaging	0.528
chr3_195784819_G/C	ENST00000478156	possibly_damaging	0.528
chr22_22758759_C/T	ENST00000390312	possibly_damaging	0.587
chr3_195784819_G/C	ENST00000477086	possibly_damaging	0.659
chr3_195784819_G/C	ENST00000466475	possibly_damaging	0.659
chr3_195784819_G/C	ENST00000470451	possibly_damaging	0.659
chr3_195784819_G/C	ENST00000479406	possibly_damaging	0.659
chr3_195784819_G/C	ENST00000462323	possibly_damaging	0.659
chr3_195784819_G/C	ENST00000477756	possibly_damaging	0.781
chr3_195782494_C/T	ENST00000477086	possibly_damaging	0.893
chr14_19936576_C/T	ENST00000285600	possibly_damaging	0.944
chr14_19936576_C/T	ENST00000641172	possibly_damaging	0.944
chr14_19936576_C/T	ENST00000641429	possibly_damaging	0.944
chr2_97511190_T/G	ENST00000258459	probably_damaging	0.959
chr2_97511190_T/G	ENST00000359901	probably_damaging	0.959
chr15_82343155_C/A	ENST00000610657	probably_damaging	0.968
chr15_82343155_C/A	ENST00000621197	probably_damaging	0.968
chr3_195782494_C/T	ENST00000480843	probably_damaging	0.973
chr10_46549695_C/A	ENST00000374317	probably_damaging	0.979
chr10_46549695_C/A	ENST00000374314	probably_damaging	0.979
chr6_32519412_C/G	ENST00000374975	probably_damaging	0.981
chr3_195724970_G/A	ENST00000447234	probably_damaging	0.988
chr3_195724970_G/A	ENST00000445522	probably_damaging	0.988
chr3_195724970_G/A	ENST00000447234	probably_damaging	0.988
chr3_195724970_G/A	ENST00000445522	probably_damaging	0.988
chr6_32519412_C/G	ENST00000714490	probably_damaging	1.0
